{
	"info": {
		"_postman_id": "2bcaf97c-021f-4714-aded-fd1b6c6c357d",
		"name": "Twitter Api",
		"schema": "https://schema.getpostman.com/json/collection/v2.1.0/collection.json"
	},
	"item": [
		{
			"name": "Signup",
			"request": {
				"method": "POST",
				"header": [],
				"body": {
					"mode": "raw",
					"raw": "{\r\n    \"fullName\":\"Raam Kapoor\",\r\n    \"email\":\"raam@gmail.com\",\r\n    \"password\":\"12345678\"\r\n}",
					"options": {
						"raw": {
							"language": "json"
						}
					}
				},
				"url": {
					"raw": "{{BASE_URL}}/auth/signup",
					"host": [
						"{{BASE_URL}}"
					],
					"path": [
						"auth",
						"signup"
					]
				}
			},
			"response": []
		},
		{
			"name": "Signin",
			"request": {
				"method": "POST",
				"header": [],
				"body": {
					"mode": "raw",
					"raw": "{\r\n    \"email\":\"raam@gmail.com\",\r\n    \"password\":\"12345678\"\r\n}",
					"options": {
						"raw": {
							"language": "json"
						}
					}
				},
				"url": {
					"raw": "{{BASE_URL}}/auth/signin",
					"host": [
						"{{BASE_URL}}"
					],
					"path": [
						"auth",
						"signin"
					]
				}
			},
			"response": []
		},
		{
			"name": "user profile",
			"request": {
				"auth": {
					"type": "bearer",
					"bearer": [
						{
							"key": "token",
							"value": "{{JWT}}",
							"type": "string"
						}
					]
				},
				"method": "GET",
				"header": [],
				"url": {
					"raw": "{{BASE_URL}}/api/users/profile",
					"host": [
						"{{BASE_URL}}"
					],
					"path": [
						"api",
						"users",
						"profile"
					]
				}
			},
			"response": []
		},
		{
			"name": "create twit",
			"request": {
				"auth": {
					"type": "bearer",
					"bearer": [
						{
							"key": "token",
							"value": "{{JWT}}",
							"type": "string"
						}
					]
				},
				"method": "POST",
				"header": [],
				"body": {
					"mode": "raw",
					"raw": "{\r\n    \"content\":\"nice bridge\",\r\n    \"image\":\"https://cdn.pixabay.com/photo/2023/05/12/19/59/maidens-tower-7989254_640.jpg\"\r\n}",
					"options": {
						"raw": {
							"language": "json"
						}
					}
				},
				"url": {
					"raw": "{{BASE_URL}}/api/twits/create",
					"host": [
						"{{BASE_URL}}"
					],
					"path": [
						"api",
						"twits",
						"create"
					]
				}
			},
			"response": []
		},
		{
			"name": "like twit",
			"request": {
				"auth": {
					"type": "bearer",
					"bearer": [
						{
							"key": "token",
							"value": "{{JWT}}",
							"type": "string"
						}
					]
				},
				"method": "POST",
				"header": [],
				"url": {
					"raw": "{{BASE_URL}}/api/1/like",
					"host": [
						"{{BASE_URL}}"
					],
					"path": [
						"api",
						"1",
						"like"
					]
				}
			},
			"response": []
		},
		{
			"name": "Find twit by id",
			"request": {
				"auth": {
					"type": "bearer",
					"bearer": [
						{
							"key": "token",
							"value": "{{JWT}}",
							"type": "string"
						}
					]
				},
				"method": "GET",
				"header": [],
				"url": {
					"raw": "{{BASE_URL}}/api/twits/10",
					"host": [
						"{{BASE_URL}}"
					],
					"path": [
						"api",
						"twits",
						"10"
					]
				}
			},
			"response": []
		},
		{
			"name": "get all like",
			"request": {
				"auth": {
					"type": "bearer",
					"bearer": [
						{
							"key": "token",
							"value": "{{JWT}}",
							"type": "string"
						}
					]
				},
				"method": "GET",
				"header": [],
				"url": {
					"raw": "{{BASE_URL}}/api/twit/1",
					"host": [
						"{{BASE_URL}}"
					],
					"path": [
						"api",
						"twit",
						"1"
					]
				}
			},
			"response": []
		},
		{
			"name": "unlike twit",
			"request": {
				"auth": {
					"type": "bearer",
					"bearer": [
						{
							"key": "token",
							"value": "{{JWT}}",
							"type": "string"
						}
					]
				},
				"method": "DELETE",
				"header": [],
				"url": {
					"raw": "{{BASE_URL}}/api/1/unlike",
					"host": [
						"{{BASE_URL}}"
					],
					"path": [
						"api",
						"1",
						"unlike"
					]
				}
			},
			"response": []
		},
		{
			"name": "Reply Twit",
			"request": {
				"auth": {
					"type": "bearer",
					"bearer": [
						{
							"key": "token",
							"value": "{{JWT}}",
							"type": "string"
						}
					]
				},
				"method": "POST",
				"header": [],
				"body": {
					"mode": "raw",
					"raw": "{\r\n    \"content\":\"hello everyone\",\r\n    \"image\":\"https://cdn.pixabay.com/photo/2023/06/20/10/06/cocktail-8076619_640.jpg\",\r\n    \"twitId\":1\r\n}",
					"options": {
						"raw": {
							"language": "json"
						}
					}
				},
				"url": {
					"raw": "{{BASE_URL}}/api/twits/reply",
					"host": [
						"{{BASE_URL}}"
					],
					"path": [
						"api",
						"twits",
						"reply"
					]
				}
			},
			"response": []
		},
		{
			"name": "Get All Twits",
			"request": {
				"auth": {
					"type": "bearer",
					"bearer": [
						{
							"key": "token",
							"value": "{{JWT}}",
							"type": "string"
						}
					]
				},
				"method": "GET",
				"header": [],
				"url": {
					"raw": "{{BASE_URL}}/api/twits/",
					"host": [
						"{{BASE_URL}}"
					],
					"path": [
						"api",
						"twits",
						""
					]
				}
			},
			"response": []
		},
		{
			"name": "Retwit",
			"request": {
				"auth": {
					"type": "bearer",
					"bearer": [
						{
							"key": "token",
							"value": "{{JWT}}",
							"type": "string"
						}
					]
				},
				"method": "PUT",
				"header": [],
				"url": {
					"raw": "{{BASE_URL}}/api/twits/10/retwit",
					"host": [
						"{{BASE_URL}}"
					],
					"path": [
						"api",
						"twits",
						"10",
						"retwit"
					]
				}
			},
			"response": []
		},
		{
			"name": "Tweets By user",
			"request": {
				"auth": {
					"type": "bearer",
					"bearer": [
						{
							"key": "token",
							"value": "{{JWT}}",
							"type": "string"
						}
					]
				},
				"method": "GET",
				"header": [],
				"url": {
					"raw": "{{BASE_URL}}/api/twits/user/2",
					"host": [
						"{{BASE_URL}}"
					],
					"path": [
						"api",
						"twits",
						"user",
						"2"
					]
				}
			},
			"response": []
		},
		{
			"name": "Tweet By Likes Contains User",
			"request": {
				"auth": {
					"type": "bearer",
					"bearer": [
						{
							"key": "token",
							"value": "{{JWT}}",
							"type": "string"
						}
					]
				},
				"method": "GET",
				"header": [],
				"url": {
					"raw": "{{BASE_URL}}/api/twits/user/4/likes",
					"host": [
						"{{BASE_URL}}"
					],
					"path": [
						"api",
						"twits",
						"user",
						"4",
						"likes"
					]
				}
			},
			"response": []
		},
		{
			"name": "update user",
			"request": {
				"method": "GET",
				"header": []
			},
			"response": []
		},
		{
			"name": "user by Id",
			"request": {
				"method": "GET",
				"header": []
			},
			"response": []
		},
		{
			"name": "New Request",
			"request": {
				"method": "GET",
				"header": []
			},
			"response": []
		},
		{
			"name": "update payment details",
			"request": {
				"method": "GET",
				"header": []
			},
			"response": []
		},
		{
			"name": "follow user",
			"request": {
				"method": "GET",
				"header": []
			},
			"response": []
		}
	],
	"variable": [
		{
			"key": "BASE_URL",
			"value": "http://localhost:5454"
		}
	]
}